GlobalRank,TldRank,Domain,TLD,RefSubNets,RefIPs,IDN_Domain,IDN_TLD,PrevGlobalRank,PrevTldRank,PrevRefSubNets,PrevRefIPs
1,1,google.com,com,474854,2203895,google.com,com,1,1,474429,2198754
2,2,facebook.com,com,470361,2302198,facebook.com,com,2,2,470051,2297191
3,3,youtube.com,com,423755,1888927,youtube.com,com,3,3,423466,1883792
4,4,twitter.com,com,411594,1809291,twitter.com,com,4,4,411360,1805362
5,5,instagram.com,com,367751,1620765,instagram.com,com,5,5,367558,1617082
6,6,linkedin.com,com,339109,1337636,linkedin.com,com,6,6,338689,1333801
7,7,apple.com,com,266823,827149,apple.com,com,7,7,266510,823015
8,8,microsoft.com,com,264138,762722,microsoft.com,com,8,8,263869,759854
9,9,googletagmanager.com,com,254815,868563,googletagmanager.com,com,9,9,254933,865874
10,1,wikipedia.org,org,250548,853472,wikipedia.org,org,10,1,250266,850405
11,2,wordpress.org,org,233494,864155,wordpress.org,org,11,2,233688,864008
12,1,youtu.be,be,223635,718622,youtu.be,be,12,1,223320,714569
13,3,en.wikipedia.org,org,207944,633940,en.wikipedia.org,org,13,3,207721,632046
14,10,play.google.com,com,203197,557575,play.google.com,com,16,12,202843,554390
15,11,github.com,com,203016,495593,github.com,com,15,11,202905,494733
16,12,pinterest.com,com,200237,741380,pinterest.com,com,14,10,204172,754579
17,1,goo.gl,gl,192701,623263,goo.gl,gl,17,1,192472,621077
18,13,maps.google.com,com,190388,648503,maps.google.com,com,18,13,190181,647246
19,14,vimeo.com,com,190013,627701,vimeo.com,com,19,14,189627,624442
20,15,docs.google.com,com,173860,494472,docs.google.com,com,20,15,173609,492115
21,1,bit.ly,ly,169575,485834,bit.ly,ly,21,1,169457,483402
22,16,plus.google.com,com,166282,545086,plus.google.com,com,22,16,166182,544202
23,17,adobe.com,com,164796,439751,adobe.com,com,23,17,164396,437066
24,18,wordpress.com,com,162000,486126,wordpress.com,com,24,18,161795,483954
25,19,amazon.com,com,158782,451904,amazon.com,com,25,19,158604,450156
26,20,player.vimeo.com,com,154948,480603,player.vimeo.com,com,26,20,154657,478230
27,21,apps.apple.com,com,154629,371277,apps.apple.com,com,27,21,154460,368642
28,22,blogspot.com,com,153721,453334,blogspot.com,com,28,22,153487,451428
29,4,mozilla.org,org,149991,408659,mozilla.org,org,29,4,150493,408131
30,23,whatsapp.com,com,145938,497184,whatsapp.com,com,30,23,145970,496911
31,24,drive.google.com,com,144968,388120,drive.google.com,com,31,24,144932,386897
32,25,itunes.apple.com,com,141872,339841,itunes.apple.com,com,32,25,141577,337024
33,1,europa.eu,eu,131670,421892,europa.eu,eu,33,1,131376,418343
34,26,macromedia.com,com,130987,339085,macromedia.com,com,34,26,130801,338190
35,27,api.whatsapp.com,com,129431,433845,api.whatsapp.com,com,35,27,129490,433822
36,28,yahoo.com,com,125932,314661,yahoo.com,com,36,28,125862,313250
37,29,tumblr.com,com,121246,366936,tumblr.com,com,37,29,121129,365929
38,30,policies.google.com,com,120554,395374,policies.google.com,com,38,30,120549,393599
39,31,reddit.com,com,120490,350987,reddit.com,com,39,31,120547,350218
40,32,download.macromedia.com,com,113143,285297,download.macromedia.com,com,41,32,113000,284641
41,1,nih.gov,gov,113136,293355,nih.gov,gov,40,1,113089,291915
42,33,qq.com,com,112642,624599,qq.com,com,42,33,112782,625468
43,34,tiktok.com,com,111202,315696,tiktok.com,com,43,34,111284,314188
44,35,flickr.com,com,110746,294521,flickr.com,com,44,35,110442,292708
45,1,github.io,io,110208,234622,github.io,io,45,1,110125,233669
46,36,gravatar.com,com,109946,334741,gravatar.com,com,46,36,110061,335118
47,1,wa.me,me,109941,359960,wa.me,me,47,1,109957,359878
48,37,amazonaws.com,com,109557,244017,amazonaws.com,com,48,37,109223,242269
49,1,forms.gle,gle,107996,263473,forms.gle,gle,49,1,107849,262285
50,5,apache.org,org,107381,198980,apache.org,org,50,5,107301,198638
51,38,nytimes.com,com,106084,276540,nytimes.com,com,52,38,105960,274931
52,2,t.me,me,105892,349925,t.me,me,51,2,106004,350332
53,39,sites.google.com,com,105736,251535,sites.google.com,com,53,39,105530,250375
54,1,miit.gov.cn,cn,105467,819918,miit.gov.cn,cn,54,1,105528,820340
55,40,spotify.com,com,103979,286640,spotify.com,com,55,40,103821,284739
56,2,ec.europa.eu,eu,102073,319091,ec.europa.eu,eu,57,2,101778,316225
57,2,beian.miit.gov.cn,cn,101907,774429,beian.miit.gov.cn,cn,56,2,101970,774838
58,41,medium.com,com,100223,246280,medium.com,com,58,41,100205,245135
59,42,soundcloud.com,com,99942,275732,soundcloud.com,com,59,42,99760,274229
60,6,w3.org,org,99079,207388,w3.org,org,61,6,98999,206829
61,7,archive.org,org,98540,245776,archive.org,org,62,7,98291,244233
62,43,forbes.com,com,98333,246946,forbes.com,com,63,44,98276,245461
63,44,cloudflare.com,com,97311,268873,cloudflare.com,com,60,43,99147,272659
64,45,googleblog.com,com,96032,252014,googleblog.com,com,64,45,95801,250685
65,1,zoom.us,us,95764,219521,zoom.us,us,65,1,95609,218282
66,46,baidu.com,com,95375,464234,baidu.com,com,66,46,95367,464638
67,2,www.ncbi.nlm.nih.gov,gov,95330,238172,www.ncbi.nlm.nih.gov,gov,67,2,95329,236958
68,47,open.spotify.com,com,94719,257552,open.spotify.com,com,68,47,94608,255916
69,48,office.com,com,94530,221220,office.com,com,69,48,93998,219256
70,8,creativecommons.org,org,94056,211279,creativecommons.org,org,70,8,93924,210262
71,1,t.co,co,92991,258934,t.co,co,71,1,92953,257575
72,49,theguardian.com,com,91678,233153,theguardian.com,com,72,49,91589,231733
73,50,go.microsoft.com,com,91049,172597,go.microsoft.com,com,73,50,91000,172558
74,9,nginx.org,org,88414,173020,nginx.org,org,74,9,88622,173663
75,51,tools.google.com,com,88301,272615,tools.google.com,com,75,51,88134,270939
76,1,sourceforge.net,net,87809,170642,sourceforge.net,net,76,1,87662,170268
77,52,cnn.com,com,87204,215119,cnn.com,com,77,52,87206,213722
78,53,dropbox.com,com,86910,198909,dropbox.com,com,78,53,86615,197557
79,54,workspaceupdates.googleblog.com,com,85472,223401,workspaceupdates.googleblog.com,com,80,55,85231,222379
80,55,nginx.com,com,85135,166244,nginx.com,com,79,54,85360,166800
81,1,who.int,int,84608,193163,who.int,int,81,1,84561,192016
82,56,paypal.com,com,84548,228367,paypal.com,com,82,56,84405,227185
83,57,m.facebook.com,com,84126,218381,m.facebook.com,com,83,57,84059,217624
84,58,sciencedirect.com,com,83683,196429,sciencedirect.com,com,84,58,83779,195513
85,59,wixsite.com,com,82780,197359,wixsite.com,com,85,59,82638,196036
86,10,web.archive.org,org,82744,197521,web.archive.org,org,86,10,82503,196264
87,60,developers.google.com,com,82415,221615,developers.google.com,com,87,60,82403,220935
88,1,bbc.co.uk,uk,81773,201924,bbc.co.uk,uk,88,1,81622,200556
89,61,opera.com,com,80941,200959,opera.com,com,91,63,80737,200075
90,62,vk.com,com,80879,262466,vk.com,com,90,62,80926,262370
91,63,live.com,com,80832,187579,live.com,com,89,61,81166,188262
92,64,issuu.com,com,80421,186929,issuu.com,com,93,64,80085,185650
93,11,httpd.apache.org,org,80307,140580,httpd.apache.org,org,92,11,80328,140601
94,65,tinyurl.com,com,79489,187560,tinyurl.com,com,94,65,79306,186639
95,12,doi.org,org,78880,173553,doi.org,org,95,12,78750,172794
96,66,bbc.com,com,78642,189746,bbc.com,com,96,66,78462,188399
97,3,cdc.gov,gov,78082,194504,cdc.gov,gov,97,3,78039,193389
98,67,accounts.google.com,com,77729,164009,accounts.google.com,com,122,83,65946,134580
99,68,weebly.com,com,77715,181127,weebly.com,com,98,67,77485,179939
100,69,youtube-nocookie.com,com,76698,187575,youtube-nocookie.com,com,99,68,76448,186127
101,70,reuters.com,com,74854,175930,reuters.com,com,100,69,74798,174747
102,1,harvard.edu,edu,73911,169853,harvard.edu,edu,101,1,73813,168981
103,2,mit.edu,edu,73897,155532,mit.edu,edu,102,2,73724,154749
104,71,washingtonpost.com,com,73249,177433,washingtonpost.com,com,103,70,73183,176379
105,72,imdb.com,com,73238,187884,imdb.com,com,104,71,73178,187050
106,13,wikimedia.org,org,72355,166691,wikimedia.org,org,105,13,72282,165920
107,2,php.net,net,71813,136128,php.net,net,106,2,71754,135941
108,73,oracle.com,com,71531,128828,oracle.com,com,110,74,71079,127795
109,74,bing.com,com,71529,159747,bing.com,com,107,72,71564,159564
110,75,wiley.com,com,71342,157988,wiley.com,com,108,73,71146,157036
111,14,un.org,org,71298,153491,un.org,org,109,14,71142,152465
112,76,nature.com,com,70850,158522,nature.com,com,111,75,70807,157704
113,3,researchgate.net,net,70556,158206,researchgate.net,net,112,3,70493,157591
114,77,bloomberg.com,com,70299,161651,bloomberg.com,com,113,76,70283,160535
115,78,weibo.com,com,69870,210099,weibo.com,com,114,77,69887,210062
116,79,wsj.com,com,69591,161947,wsj.com,com,115,78,69543,160793
117,15,gnu.org,org,68612,127218,gnu.org,org,116,15,68507,126922
118,80,businessinsider.com,com,68068,161252,businessinsider.com,com,117,79,68059,160080
119,81,springer.com,com,67540,146618,springer.com,com,118,80,67466,145761
120,82,msn.com,com,67184,147710,msn.com,com,119,81,66969,146652
121,3,stanford.edu,edu,66808,141910,stanford.edu,edu,120,3,66651,141073
122,83,ibm.com,com,66517,129795,ibm.com,com,121,82,66485,129219
123,84,list-manage.com,com,65708,151040,list-manage.com,com,123,84,65584,150125
124,85,wpa.qq.com,com,65503,320421,wpa.qq.com,com,124,85,65539,321165
125,86,outlook.com,com,65144,136403,outlook.com,com,125,86,65029,135284
126,87,shopify.com,com,62572,139101,shopify.com,com,126,87,62636,138909
127,4,nasa.gov,gov,62517,133785,nasa.gov,gov,127,4,62476,133124
128,88,mp.weixin.qq.com,com,62223,208519,mp.weixin.qq.com,com,128,88,62270,208550
129,89,wp.com,com,61883,180173,wp.com,com,129,89,61915,180072
130,90,eventbrite.com,com,61317,140343,eventbrite.com,com,131,90,61217,139627
131,4,cpanel.net,net,61303,205729,cpanel.net,net,130,4,61366,205816
132,1,g.page,page,60923,152216,g.page,page,132,1,60856,151903
133,5,slideshare.net,net,60730,125754,slideshare.net,net,133,5,60519,124938
134,91,cnbc.com,com,60349,140137,cnbc.com,com,134,91,60323,139330
135,2,www.gov.uk,uk,60169,145738,www.gov.uk,uk,135,2,60291,145003
136,92,time.com,com,59627,138340,time.com,com,136,92,59573,137436
137,93,go.com,com,59575,140167,go.com,com,137,93,59565,139277
138,94,unsplash.com,com,58988,139239,unsplash.com,com,139,95,58926,138685
139,95,propluslogics.com,com,58913,95301,propluslogics.com,com,138,94,59033,95636
140,96,statista.com,com,58796,134384,statista.com,com,140,96,58696,133261
141,3,beian.gov.cn,cn,58534,222733,beian.gov.cn,cn,141,3,58648,223024
142,1,amzn.to,to,58402,177424,amzn.to,to,142,1,58419,176680
143,3,dailymail.co.uk,uk,58372,139437,dailymail.co.uk,uk,143,3,58305,138505
144,6,cloudfront.net,net,58084,126036,cloudfront.net,net,144,6,58056,125128
145,97,usatoday.com,com,58045,137919,usatoday.com,com,145,97,58046,137094
146,16,npr.org,org,57955,139969,npr.org,org,146,16,57935,139122
147,4,telegraph.co.uk,uk,57896,134391,telegraph.co.uk,uk,147,4,57860,133512
148,1,linktr.ee,ee,57229,132085,linktr.ee,ee,149,1,57129,131400
149,98,surveymonkey.com,com,56526,113215,surveymonkey.com,com,151,100,56400,112621
150,99,cnet.com,com,56386,124422,cnet.com,com,152,101,56324,123723
151,100,wired.com,com,56324,124909,wired.com,com,153,102,56291,124096
152,101,ted.com,com,56308,121230,ted.com,com,154,103,56256,120539
153,102,hugedomains.com,com,56040,102066,hugedomains.com,com,150,99,56591,103266
154,103,addtoany.com,com,55434,144037,addtoany.com,com,155,104,55439,143794
155,104,hp.com,com,55391,102065,hp.com,com,156,105,55264,101682
156,105,ebay.com,com,55101,127723,ebay.com,com,157,106,55064,127188
157,17,commons.wikimedia.org,org,54625,121568,commons.wikimedia.org,org,158,17,54527,120939
158,106,mysql.com,com,54391,93650,mysql.com,com,159,107,54327,93477
159,107,googleusercontent.com,com,54201,125266,googleusercontent.com,com,160,108,54222,124863
160,108,wix.com,com,54128,115120,wix.com,com,161,109,53949,114417
161,109,etsy.com,com,53726,136176,etsy.com,com,162,110,53670,135453
162,110,blogger.com,com,53408,127050,blogger.com,com,165,111,53372,126855
163,3,telegram.me,me,53399,158722,telegram.me,me,164,3,53498,158892
164,5,loc.gov,gov,53397,103465,loc.gov,gov,163,5,53505,103443
165,111,aol.com,com,53340,104374,aol.com,com,173,114,51857,101238
166,112,i0.wp.com,com,53268,153293,i0.wp.com,com,166,112,53300,153217
167,113,ai-lawandorder.com,com,52985,94298,ai-lawandorder.com,com,175,115,51638,92369
168,18,debian.org,org,52972,86899,debian.org,org,167,18,52962,86886
169,19,validator.w3.org,org,52924,101016,validator.w3.org,org,169,19,52872,100896
170,1,aboutads.info,info,52850,144109,aboutads.info,info,168,1,52873,143352
171,1,gc.ca,ca,52545,113994,gc.ca,ca,170,1,52494,113298
172,114,myspace.com,com,52065,116055,myspace.com,com,172,113,51901,115527
173,4,berkeley.edu,edu,52001,106906,berkeley.edu,edu,171,4,51905,106396
174,5,independent.co.uk,uk,51867,120222,independent.co.uk,uk,174,5,51852,119529
175,7,behance.net,net,51696,121739,behance.net,net,177,7,51626,121412
176,115,myshopify.com,com,51526,112957,myshopify.com,com,176,116,51627,112667
177,116,techcrunch.com,com,51257,112356,techcrunch.com,com,178,117,51284,111624
178,20,ietf.org,org,51227,87447,ietf.org,org,179,20,51163,87184
179,117,bp.blogspot.com,com,51153,121291,bp.blogspot.com,com,180,118,51122,121069
180,1,twitch.tv,tv,51111,119020,twitch.tv,tv,181,1,51011,118298
181,118,oup.com,com,51078,107931,oup.com,com,182,119,51001,107311
182,119,webmd.com,com,50793,126753,webmd.com,com,183,120,50810,126393
183,120,ft.com,com,50667,110303,ft.com,com,184,121,50644,109671
184,6,amazon.co.uk,uk,50383,122937,amazon.co.uk,uk,185,6,50337,122341
185,8,launchpad.net,net,50200,76676,launchpad.net,net,186,8,50197,76712
186,121,mail.google.com,com,50010,101512,mail.google.com,com,148,98,57567,118978
187,5,cornell.edu,edu,49844,107979,cornell.edu,edu,187,5,49791,107460
188,122,tandfonline.com,com,49526,103802,tandfonline.com,com,188,122,49625,103384
189,123,stackoverflow.com,com,49500,94436,stackoverflow.com,com,190,124,49467,94248
190,124,cbsnews.com,com,49472,116754,cbsnews.com,com,189,123,49500,115918
191,125,imgur.com,com,49366,109492,imgur.com,com,191,125,49234,108815
192,126,squarespace.com,com,49156,106969,squarespace.com,com,192,126,49091,106304
193,127,huffingtonpost.com,com,49060,111525,huffingtonpost.com,com,193,127,48969,110703
194,128,prnewswire.com,com,48769,107002,prnewswire.com,com,194,128,48746,106304
195,6,ca.gov,gov,48670,114117,ca.gov,gov,196,6,48564,113406
196,129,latimes.com,com,48669,114416,latimes.com,com,197,130,48556,113570
197,130,theverge.com,com,48659,108113,theverge.com,com,195,129,48626,107470
198,1,free.fr,fr,48636,98901,free.fr,fr,200,1,48429,98088
199,6,washington.edu,edu,48572,91491,washington.edu,edu,198,6,48513,91216
200,131,mailchimp.com,com,48421,110961,mailchimp.com,com,201,131,48353,110416
201,4,line.me,me,48350,152529,line.me,me,199,4,48484,152249
202,132,calendar.google.com,com,48269,107481,calendar.google.com,com,202,132,48192,107165
203,133,dailymotion.com,com,48008,112878,dailymotion.com,com,204,133,47790,111962
204,1,discord.gg,gg,47886,108797,discord.gg,gg,203,1,47907,108592
205,134,hubspot.com,com,47638,103032,hubspot.com,com,206,134,47658,102601
206,1,google.de,de,47629,156907,google.de,de,208,1,47420,155418
207,7,fda.gov,gov,47616,104574,fda.gov,gov,205,7,47678,104033
208,4,sina.com.cn,cn,47587,120865,sina.com.cn,cn,207,4,47574,120823
209,135,yelp.com,com,47459,128698,yelp.com,com,209,135,47417,128351
210,21,allaboutcookies.org,org,47364,110471,allaboutcookies.org,org,210,21,47357,110056
211,22,unesco.org,org,47115,94522,unesco.org,org,211,22,47028,94011
212,136,calendly.com,com,47092,109929,calendly.com,com,212,136,47014,109495
213,9,themeforest.net,net,46890,115236,themeforest.net,net,215,9,46857,115133
214,137,sagepub.com,com,46854,98085,sagepub.com,com,214,137,46885,97625
215,138,tripadvisor.com,com,46840,109591,tripadvisor.com,com,216,138,46829,109275
216,23,hbr.org,org,46824,99199,hbr.org,org,213,23,46935,98537
217,139,nationalgeographic.com,com,46788,101029,nationalgeographic.com,com,218,140,46681,100380
218,140,samsung.com,com,46634,96724,samsung.com,com,219,141,46645,96138
219,24,networkadvertising.org,org,46368,111658,networkadvertising.org,org,220,24,46341,111041
220,141,theatlantic.com,com,46356,104745,theatlantic.com,com,223,144,46291,104022
221,142,goodreads.com,com,46323,108167,goodreads.com,com,221,142,46326,107594
222,143,sharepoint.com,com,46309,81510,sharepoint.com,com,224,145,46224,80894
223,144,britannica.com,com,46302,109764,britannica.com,com,222,143,46305,109399
224,1,business.site,site,46241,102365,business.site,site,226,1,46093,101680
225,1,mailchi.mp,mp,46107,96436,mailchi.mp,mp,227,1,45967,95921
226,145,web.facebook.com,com,46045,117134,web.facebook.com,com,225,146,46098,117018
227,7,princeton.edu,edu,45937,86130,princeton.edu,edu,228,7,45866,85814
228,146,pixabay.com,com,45796,105965,pixabay.com,com,229,147,45771,105651
229,147,outlook.live.com,com,45306,102895,outlook.live.com,com,217,139,46707,105628
230,148,bandcamp.com,com,44856,104990,bandcamp.com,com,230,148,44780,104499
231,149,youku.com,com,44770,127014,youku.com,com,231,149,44766,127206
232,150,nbcnews.com,com,44668,103951,nbcnews.com,com,232,150,44683,103452
233,25,iso.org,org,44538,73869,iso.org,org,235,25,44405,73438
234,151,investopedia.com,com,44516,106481,investopedia.com,com,234,152,44578,106027
235,152,kickstarter.com,com,44492,97007,kickstarter.com,com,236,153,44392,96339
236,153,abcnews.go.com,com,44471,102055,abcnews.go.com,com,233,151,44601,101594
237,154,taobao.com,com,44254,99474,taobao.com,com,237,154,44295,99523
238,8,whitehouse.gov,gov,44248,95116,whitehouse.gov,gov,239,8,44204,94536
239,155,netflix.com,com,44245,104579,netflix.com,com,238,155,44249,103851
240,26,dx.doi.org,org,44054,81628,dx.doi.org,org,240,26,43933,81250
241,156,scribd.com,com,43883,94908,scribd.com,com,241,156,43837,94458
242,27,cambridge.org,org,43743,91670,cambridge.org,org,243,27,43704,91252
243,28,de.wikipedia.org,org,43739,122486,de.wikipedia.org,org,249,28,43452,121399
244,5,fb.me,me,43717,88584,fb.me,me,247,5,43533,88055
245,157,canva.com,com,43685,94811,canva.com,com,246,159,43587,94252
246,9,usda.gov,gov,43669,97887,usda.gov,gov,242,9,43723,97539
247,158,fb.com,com,43616,94120,fb.com,com,245,158,43609,93520
248,159,marriott.com,com,43613,87797,marriott.com,com,244,157,43664,87365
249,10,epa.gov,gov,43472,96350,epa.gov,gov,248,10,43529,96010
250,160,booking.com,com,43443,98386,booking.com,com,251,160,43328,97983
251,161,groups.google.com,com,43427,81758,groups.google.com,com,256,163,43105,81165
252,7,google.co.uk,uk,43420,103211,google.co.uk,uk,250,7,43382,102853
253,29,cookiedatabase.org,org,43313,125052,cookiedatabase.org,org,252,29,43281,124928
254,162,livejournal.com,com,43308,93855,livejournal.com,com,255,162,43242,93620
255,163,jotform.com,com,43283,90085,jotform.com,com,258,165,43086,89546
256,30,worldbank.org,org,43260,85214,worldbank.org,org,254,30,43251,84790
257,164,healthline.com,com,43202,110343,healthline.com,com,253,161,43253,109935
258,165,redhat.com,com,43053,69256,redhat.com,com,257,164,43095,69365
259,166,quora.com,com,42845,99295,quora.com,com,259,166,42857,98774
260,167,skype.com,com,42803,90865,skype.com,com,260,167,42766,90559
261,168,163.com,com,42596,100142,163.com,com,261,168,42599,100245
262,169,huffpost.com,com,42359,96700,huffpost.com,com,262,169,42352,96383
263,170,godaddy.com,com,42243,87060,godaddy.com,com,264,171,42196,86773
264,171,businesswire.com,com,42223,88152,businesswire.com,com,263,170,42265,87759
265,2,gouv.fr,fr,42155,98691,gouv.fr,fr,267,2,41944,97269
266,31,change.org,org,42058,93182,change.org,org,268,32,41925,92438
267,32,mayoclinic.org,org,42051,103774,mayoclinic.org,org,265,31,42128,103278
268,172,economist.com,com,42048,85656,economist.com,com,266,172,41992,85160
269,33,pbs.org,org,41774,94588,pbs.org,org,269,33,41742,94061
270,173,statcounter.com,com,41574,102747,statcounter.com,com,271,174,41477,102483
271,174,perfectdomain.com,com,41520,76102,perfectdomain.com,com,274,176,41307,75682
272,8,columbia.edu,edu,41493,82972,columbia.edu,edu,272,8,41401,82605
273,175,mckinsey.com,com,41465,82662,mckinsey.com,com,270,173,41563,82141
274,176,usnews.com,com,41386,94756,usnews.com,com,273,175,41393,94248
275,177,eepurl.com,com,41345,91858,eepurl.com,com,277,178,41164,91407
276,178,example.com,com,41249,80690,example.com,com,276,177,41191,80497
277,179,youronlinechoices.com,com,41242,115224,youronlinechoices.com,com,279,179,41013,114261
278,34,weforum.org,org,41221,83212,weforum.org,org,275,34,41286,82619
279,9,academia.edu,edu,41079,83628,academia.edu,edu,278,9,41019,83259
280,10,umich.edu,edu,40932,83408,umich.edu,edu,282,10,40859,83055
281,180,indiatimes.com,com,40910,93794,indiatimes.com,com,281,180,40866,93274
282,11,noaa.gov,gov,40885,84429,noaa.gov,gov,280,11,40870,84020
283,181,translate.google.com,com,40806,81644,translate.google.com,com,283,181,40698,81259
284,182,akismet.com,com,40669,108708,akismet.com,com,284,182,40697,108615
285,35,ieee.org,org,40600,74443,ieee.org,org,287,35,40550,74192
286,183,deloitte.com,com,40586,77817,deloitte.com,com,286,183,40559,77079
287,12,state.gov,gov,40566,86361,state.gov,gov,285,12,40564,85901
288,184,jimdo.com,com,40547,92790,jimdo.com,com,292,186,40339,92036
289,36,arxiv.org,org,40501,76849,arxiv.org,org,288,36,40436,76460
290,185,stripe.com,com,40480,90368,stripe.com,com,289,184,40419,89916
291,186,foxnews.com,com,40420,92062,foxnews.com,com,290,185,40393,91502
292,37,plos.org,org,40412,81697,plos.org,org,291,37,40374,81161
293,187,theconversation.com,com,40165,87076,theconversation.com,com,294,188,40161,86488
294,188,indeed.com,com,40127,89463,indeed.com,com,295,189,40122,89178
295,189,about.com,com,40124,80896,about.com,com,298,192,40010,80472
296,190,web.whatsapp.com,com,40109,105208,web.whatsapp.com,com,293,187,40201,105392
297,191,mdpi.com,com,40067,82798,mdpi.com,com,297,191,40039,82420
298,192,1.bp.blogspot.com,com,40055,92943,1.bp.blogspot.com,com,296,190,40071,92839
299,11,yale.edu,edu,40009,81052,yale.edu,edu,299,11,40009,80639
300,193,vice.com,com,39810,87974,vice.com,com,303,196,39735,87426
301,194,fandom.com,com,39780,92714,fandom.com,com,302,195,39783,92337
302,195,psychologytoday.com,com,39760,90531,psychologytoday.com,com,300,193,39815,90160
303,196,biomedcentral.com,com,39759,81094,biomedcentral.com,com,301,194,39792,80718
304,197,cisco.com,com,39750,70288,cisco.com,com,305,198,39629,69854
305,198,wikihow.com,com,39722,90009,wikihow.com,com,304,197,39694,89833
306,199,openai.com,com,39620,84622,openai.com,com,306,199,39625,84145
307,200,deviantart.com,com,39537,85322,deviantart.com,com,307,200,39524,85159
308,201,ubuntu.com,com,39530,66877,ubuntu.com,com,310,202,39459,66715
309,12,psu.edu,edu,39519,79313,psu.edu,edu,309,12,39467,78966
310,202,discord.com,com,39462,87834,discord.com,com,311,203,39423,87465
311,203,sciencedaily.com,com,39455,85360,sciencedaily.com,com,308,201,39474,84890
312,204,arcgis.com,com,39408,75788,arcgis.com,com,314,205,39222,75203
313,8,ox.ac.uk,uk,39373,75487,ox.ac.uk,uk,312,8,39289,75079
314,205,outlook.office.com,com,39316,88841,outlook.office.com,com,313,204,39263,88730
315,206,plesk.com,com,39144,95813,plesk.com,com,315,206,39121,95902
316,207,dribbble.com,com,39075,87904,dribbble.com,com,316,207,39071,87770
317,208,typepad.com,com,38986,82906,typepad.com,com,318,208,38798,82446
318,13,upenn.edu,edu,38892,77887,upenn.edu,edu,317,13,38853,77581
319,209,bmj.com,com,38783,80319,bmj.com,com,320,209,38694,79803
320,1,fb.watch,watch,38776,77420,fb.watch,watch,321,1,38683,76923
321,2,cbc.ca,ca,38766,88820,cbc.ca,ca,319,2,38753,88258
322,210,scholar.google.com,com,38653,73641,scholar.google.com,com,323,210,38575,73311
323,38,apa.org,org,38596,80641,apa.org,org,322,38,38624,80263
324,211,buzzfeed.com,com,38473,85380,buzzfeed.com,com,326,212,38427,84916
325,212,fortune.com,com,38458,82358,fortune.com,com,324,211,38477,81804
326,1,or.kr,kr,38425,76619,or.kr,kr,327,1,38381,76405
327,2,readthedocs.io,io,38267,62493,readthedocs.io,io,325,2,38454,62728
328,213,mashable.com,com,38219,81310,mashable.com,com,333,216,38055,80776
329,1,yandex.ru,ru,38207,117416,yandex.ru,ru,328,1,38146,117224
330,214,zendesk.com,com,38198,77277,zendesk.com,com,334,217,37891,75153
331,215,zdnet.com,com,38174,75096,zdnet.com,com,330,214,38107,74729
332,216,intel.com,com,38161,69609,intel.com,com,331,215,38105,69370
333,217,pexels.com,com,38091,85654,pexels.com,com,329,213,38117,85392
334,39,frontiersin.org,org,38074,79158,frontiersin.org,org,332,39,38070,78706
335,40,sciencemag.org,org,37959,71453,sciencemag.org,org,335,40,37879,70964
336,218,typeform.com,com,37899,75264,typeform.com,com,336,218,37859,74570
337,219,steampowered.com,com,37809,82063,steampowered.com,com,338,220,37812,81777
338,220,giphy.com,com,37802,85194,giphy.com,com,337,219,37822,84705
339,41,oecd.org,org,37767,70362,oecd.org,org,340,42,37685,69861
340,221,trustpilot.com,com,37713,90453,trustpilot.com,com,343,223,37606,89809
341,222,newyorker.com,com,37654,82320,newyorker.com,com,344,224,37583,81672
342,223,sohu.com,com,37623,87202,sohu.com,com,341,221,37666,87154
343,224,aliyun.com,com,37540,80440,aliyun.com,com,342,222,37629,80768
344,225,sun.com,com,37502,56836,sun.com,com,347,226,37358,56684
345,226,xinhuanet.com,com,37432,88421,xinhuanet.com,com,346,225,37466,88299
346,14,umn.edu,edu,37381,74386,umn.edu,edu,348,14,37352,74103
347,227,nypost.com,com,37351,86758,nypost.com,com,349,227,37339,86170
348,42,pewresearch.org,org,37243,80567,pewresearch.org,org,339,41,37733,80992
349,228,geocities.com,com,37236,69680,geocities.com,com,352,229,37071,69437
350,229,oreilly.com,com,37208,63214,oreilly.com,com,350,228,37124,63059
351,15,uci.edu,edu,37148,64128,uci.edu,edu,351,15,37113,63976
352,2,amazon.de,de,37130,97368,amazon.de,de,354,2,36850,96450
353,230,fastcompany.com,com,36878,76808,fastcompany.com,com,353,230,36908,76500
354,1,abc.net.au,au,36830,79541,abc.net.au,au,355,1,36844,79106
355,231,gitlab.com,com,36796,61240,gitlab.com,com,359,234,36653,61036
356,232,search.google.com,com,36745,90976,search.google.com,com,356,231,36811,90981
357,233,apnews.com,com,36734,84565,apnews.com,com,357,232,36780,84050
358,234,docker.com,com,36713,63602,docker.com,com,358,233,36672,63394
359,235,store.steampowered.com,com,36649,79461,store.steampowered.com,com,360,235,36647,79212
360,236,android.com,com,36634,69149,android.com,com,362,237,36608,68708
361,237,alibaba.com,com,36586,72326,alibaba.com,com,363,238,36549,72215
362,238,bilibili.com,com,36572,73874,bilibili.com,com,361,236,36640,73877
363,239,3.bp.blogspot.com,com,36564,79642,3.bp.blogspot.com,com,364,239,36519,79621
364,240,sedo.com,com,36527,71114,sedo.com,com,367,241,36377,70741
365,241,xing.com,com,36508,99072,xing.com,com,366,240,36377,98205
366,43,openstreetmap.org,org,36495,73129,openstreetmap.org,org,365,44,36393,72786
367,44,python.org,org,36421,61500,python.org,org,370,45,36338,61278
368,242,4.bp.blogspot.com,com,36410,79181,4.bp.blogspot.com,com,368,242,36361,79069
369,243,2.bp.blogspot.com,com,36399,79338,2.bp.blogspot.com,com,369,243,36358,79217
370,244,digg.com,com,36328,74604,digg.com,com,371,244,36239,74353
371,245,tripod.com,com,36197,69249,tripod.com,com,374,247,36101,69050
372,246,salesforce.com,com,36181,69980,salesforce.com,com,372,245,36219,69615
373,247,microsoftonline.com,com,36138,56737,microsoftonline.com,com,393,262,34865,54368
374,248,marketwatch.com,com,36093,77968,marketwatch.com,com,373,246,36199,77744
375,249,gofundme.com,com,36011,80692,gofundme.com,com,375,248,36018,80142
376,250,enable-javascript.com,com,35914,62020,enable-javascript.com,com,376,249,35856,61922
377,1,go.id,id,35891,81240,go.id,id,377,1,35848,80942
378,251,elsevier.com,com,35836,64645,elsevier.com,com,379,251,35714,64246
379,252,patreon.com,com,35826,82695,patreon.com,com,378,250,35773,82460
380,45,science.org,org,35794,72833,science.org,org,345,43,37560,75529
381,9,cam.ac.uk,uk,35742,65447,cam.ac.uk,uk,380,9,35664,65025
382,253,dev.mysql.com,com,35583,55288,dev.mysql.com,com,382,253,35499,55196
383,254,newsweek.com,com,35569,78053,newsweek.com,com,381,252,35554,77622
384,255,scientificamerican.com,com,35416,75525,scientificamerican.com,com,383,254,35438,75178
385,256,huawei.com,com,35297,62691,huawei.com,com,385,256,35290,62289
386,16,wisc.edu,edu,35282,68861,wisc.edu,edu,386,16,35242,68723
387,257,vox.com,com,35279,78023,vox.com,com,384,255,35315,77586
388,258,googleapis.com,com,35173,67110,googleapis.com,com,389,258,35106,66785
389,259,x.com,com,35154,82827,x.com,com,388,257,35127,82223
390,13,ftc.gov,gov,35143,76264,ftc.gov,gov,387,13,35241,76026
391,260,dell.com,com,35118,64172,dell.com,com,390,259,35091,64092
392,261,dw.com,com,34994,74079,dw.com,com,391,260,34956,73556
393,262,intuit.com,com,34981,78263,intuit.com,com,392,261,34899,77838
394,263,merriam-webster.com,com,34946,76708,merriam-webster.com,com,410,272,33917,74585
395,264,disqus.com,com,34917,72372,disqus.com,com,394,263,34830,72129
396,46,sitemaps.org,org,34709,83418,sitemaps.org,org,395,46,34736,83443
397,47,jstor.org,org,34631,68584,jstor.org,org,397,47,34550,68270
398,265,freepik.com,com,34619,72877,freepik.com,com,398,265,34546,72580
399,266,news.google.com,com,34563,81604,news.google.com,com,396,264,34652,81581
400,267,buydomains.com,com,34553,62371,buydomains.com,com,403,268,34342,61940
401,268,engadget.com,com,34513,70640,engadget.com,com,400,267,34475,70254
402,48,fao.org,org,34508,66457,fao.org,org,402,48,34417,65997
403,269,inc.com,com,34507,73811,inc.com,com,399,266,34532,73493
404,14,nps.gov,gov,34472,78314,nps.gov,gov,401,14,34424,77949
405,270,gizmodo.com,com,34434,71768,gizmodo.com,com,404,269,34336,71219
406,10,guardian.co.uk,uk,34297,66538,guardian.co.uk,uk,406,10,34120,66197
407,17,ucla.edu,edu,34257,67490,ucla.edu,edu,405,17,34189,67158
408,18,jhu.edu,edu,34084,67248,jhu.edu,edu,407,18,34040,66969
409,271,substack.com,com,34019,76869,substack.com,com,409,271,33983,76350
410,272,elegantthemes.com,com,33975,83164,elegantthemes.com,com,408,270,33991,83158
411,49,jigsaw.w3.org,org,33829,60228,jigsaw.w3.org,org,413,50,33761,60189
412,273,themeisle.com,com,33816,81523,themeisle.com,com,411,273,33858,81595
413,274,talk.plesk.com,com,33761,78470,talk.plesk.com,com,414,274,33754,78574
414,15,irs.gov,gov,33753,76834,irs.gov,gov,415,15,33721,76302
415,50,pnas.org,org,33750,67545,pnas.org,org,412,49,33762,67177
416,275,thelancet.com,com,33725,68242,thelancet.com,com,416,275,33648,67728
417,19,cmu.edu,edu,33715,61961,cmu.edu,edu,417,19,33630,61603
418,276,meetup.com,com,33559,66774,meetup.com,com,420,278,33422,66343
419,277,feedburner.com,com,33522,71406,feedburner.com,com,419,277,33450,71281
420,278,entrepreneur.com,com,33490,72613,entrepreneur.com,com,418,276,33530,72410
421,279,constantcontact.com,com,33416,71602,constantcontact.com,com,421,279,33359,71291
422,280,dropcatch.com,com,33303,62296,dropcatch.com,com,426,281,33226,62209
423,16,ed.gov,gov,33291,68733,ed.gov,gov,422,16,33289,68549
424,20,si.edu,edu,33289,68370,si.edu,edu,423,20,33248,68022
425,51,eff.org,org,33275,58327,eff.org,org,427,52,33132,57988
426,281,addthis.com,com,33265,62450,addthis.com,com,425,280,33226,62378
427,52,acs.org,org,33247,64909,acs.org,org,424,51,33237,64671
428,53,wiktionary.org,org,33172,69418,wiktionary.org,org,430,54,33052,69135
429,282,stumbleupon.com,com,33117,71566,stumbleupon.com,com,428,282,33081,71415
430,54,aboutcookies.org,org,33072,71837,aboutcookies.org,org,429,53,33063,71590
431,1,gob.mx,mx,32974,65415,gob.mx,mx,433,1,32937,65155
432,283,auctollo.com,com,32938,79850,auctollo.com,com,431,283,32990,79917
433,21,utexas.edu,edu,32937,62343,utexas.edu,edu,432,21,32940,62102
434,22,uchicago.edu,edu,32926,65179,uchicago.edu,edu,434,22,32831,64887
435,284,arstechnica.com,com,32811,65278,arstechnica.com,com,436,285,32714,64914
436,285,walmart.com,com,32728,77720,walmart.com,com,435,284,32768,77432
437,17,nist.gov,gov,32625,58761,nist.gov,gov,439,17,32493,58480
438,286,gartner.com,com,32614,60467,gartner.com,com,438,287,32588,60139
439,287,jamanetwork.com,com,32585,68975,jamanetwork.com,com,437,286,32608,68539
440,288,webs.com,com,32556,61861,webs.com,com,440,288,32428,61604
441,289,ikea.com,com,32474,67121,ikea.com,com,443,291,32402,66551
442,290,medicalnewstoday.com,com,32359,77739,medicalnewstoday.com,com,441,289,32411,77480
443,291,wpengine.com,com,32304,69532,wpengine.com,com,442,290,32410,69333
444,23,uiuc.edu,edu,32267,49935,uiuc.edu,edu,444,23,32199,49852
445,5,people.com.cn,cn,32100,85305,people.com.cn,cn,445,5,32146,85380
446,292,aliexpress.com,com,32043,63674,aliexpress.com,com,446,292,32039,63583
447,1,admin.ch,ch,32027,66005,admin.ch,ch,449,1,31949,65455
448,18,bls.gov,gov,32005,69209,bls.gov,gov,447,18,31997,68966
449,1,yahoo.co.jp,jp,31976,87944,yahoo.co.jp,jp,448,1,31972,87540
450,55,postgresql.org,org,31919,48977,postgresql.org,org,452,55,31832,48871
451,293,photobucket.com,com,31918,61980,photobucket.com,com,454,294,31790,61743
452,294,nvidia.com,com,31898,59213,nvidia.com,com,453,293,31797,58998
453,19,house.gov,gov,31850,69048,house.gov,gov,451,19,31852,68738
454,10,azurewebsites.net,net,31772,59190,azurewebsites.net,net,450,10,31916,59091
455,3,canada.ca,ca,31646,70451,canada.ca,ca,455,3,31554,69899
456,295,box.com,com,31637,58695,box.com,com,464,300,31195,57677
457,296,slate.com,com,31585,68406,slate.com,com,457,295,31492,67986
458,20,census.gov,gov,31584,66734,census.gov,gov,456,20,31552,66468
459,297,hilton.com,com,31567,60159,hilton.com,com,459,297,31414,59734
460,298,matterport.com,com,31547,58503,matterport.com,com,458,296,31485,58188
461,299,uk.com,com,31401,64504,uk.com,com,460,298,31260,64234
462,300,feeds.feedburner.com,com,31302,66249,feeds.feedburner.com,com,462,299,31234,66143
463,11,windows.net,net,31284,59574,windows.net,net,461,11,31247,59153
464,56,coursera.org,org,31265,61717,coursera.org,org,463,56,31234,61447
465,3,google.fr,fr,31011,67901,google.fr,fr,471,3,30791,66944
466,301,indiegogo.com,com,31006,62866,indiegogo.com,com,467,301,30926,62488
467,21,hhs.gov,gov,30979,65226,hhs.gov,gov,465,21,31031,65066
468,4,google.ca,ca,30946,69816,google.ca,ca,468,4,30866,69544
469,22,usgs.gov,gov,30918,61474,usgs.gov,gov,466,22,30932,61270
470,302,stackexchange.com,com,30842,59689,stackexchange.com,com,470,303,30804,59552
471,303,techtarget.com,com,30805,62927,techtarget.com,com,469,302,30840,62727
472,57,unicef.org,org,30786,58839,unicef.org,org,472,57,30718,58347
473,304,elpais.com,com,30682,66578,elpais.com,com,474,305,30602,66022
474,5,qc.ca,ca,30574,61638,qc.ca,ca,478,5,30370,61221
475,1,anchor.fm,fm,30573,62122,anchor.fm,fm,475,1,30538,61843
476,305,shutterstock.com,com,30561,65592,shutterstock.com,com,473,304,30617,65446
477,306,slack.com,com,30488,58015,slack.com,com,476,306,30463,57545
478,12,doubleclick.net,net,30411,61278,doubleclick.net,net,477,12,30407,60954
479,307,netscape.com,com,30375,46729,netscape.com,com,481,308,30322,46659
480,23,senate.gov,gov,30370,65056,senate.gov,gov,479,23,30346,64731
481,308,teamviewer.com,com,30332,53469,teamviewer.com,com,482,309,30231,53147
482,309,getpocket.com,com,30309,80879,getpocket.com,com,480,307,30336,80884
483,310,wikia.com,com,30262,59064,wikia.com,com,483,310,30147,58751
484,3,spiegel.de,de,30250,67529,spiegel.de,de,484,3,30123,66850
485,24,nyu.edu,edu,30173,59275,nyu.edu,edu,485,24,30090,59032
486,311,sfgate.com,com,30056,67194,sfgate.com,com,487,312,30013,66897
487,312,globenewswire.com,com,30018,63962,globenewswire.com,com,486,311,30045,63711
488,313,w3schools.com,com,29982,55673,w3schools.com,com,489,313,29912,55648
489,314,barnesandnoble.com,com,29920,67441,barnesandnoble.com,com,492,315,29873,67173
490,315,trello.com,com,29891,59701,trello.com,com,493,316,29860,59465
491,11,www.nhs.uk,uk,29875,70406,www.nhs.uk,uk,488,11,29913,70038
492,316,howstuffworks.com,com,29867,63230,howstuffworks.com,com,491,314,29879,62959
493,317,livescience.com,com,29860,64490,livescience.com,com,494,317,29859,64135
494,58,kernel.org,org,29853,45731,kernel.org,org,496,59,29804,45676
495,318,bizjournals.com,com,29811,64585,bizjournals.com,com,495,318,29805,64268
496,1,google.es,es,29801,72166,google.es,es,504,1,29652,71786
497,59,bbb.org,org,29794,70606,bbb.org,org,490,58,29911,70617
498,319,chicagotribune.com,com,29792,64860,chicagotribune.com,com,500,320,29751,64531
499,320,getbootstrap.com,com,29787,50638,getbootstrap.com,com,499,319,29761,50602
500,2,itu.int,int,29770,46725,itu.int,int,497,2,29788,46559
501,60,mitre.org,org,29747,46154,mitre.org,org,501,60,29729,46034
502,12,mirror.co.uk,uk,29734,65428,mirror.co.uk,uk,498,12,29768,64969
503,321,withgoogle.com,com,29716,56150,withgoogle.com,com,503,321,29699,55846
504,13,ico.org.uk,uk,29657,71882,ico.org.uk,uk,502,13,29699,71613
505,6,m.me,me,29639,70797,m.me,me,505,6,29616,70711
506,322,naver.com,com,29601,66831,naver.com,com,507,323,29578,66653
507,323,jd.com,com,29552,58863,jd.com,com,506,322,29607,58935
508,324,qz.com,com,29543,60933,qz.com,com,509,325,29529,60565
509,2,cutt.ly,ly,29501,66891,cutt.ly,ly,512,2,29451,66811
510,325,so.com,com,29482,90090,so.com,com,508,324,29560,90300
511,14,thetimes.co.uk,uk,29470,63502,thetimes.co.uk,uk,511,14,29452,63257
512,61,acm.org,org,29462,50587,acm.org,org,517,61,29313,50313
513,25,purdue.edu,edu,29444,56678,purdue.edu,edu,516,25,29321,56439
514,326,ssrn.com,com,29442,57705,ssrn.com,com,514,327,29429,57452
515,2,smh.com.au,au,29416,61445,smh.com.au,au,515,2,29373,60981
516,2,google.co.jp,jp,29402,97557,google.co.jp,jp,510,2,29461,97398
517,327,bitly.com,com,29359,52962,bitly.com,com,513,326,29436,52997
518,62,moodle.org,org,29238,44745,moodle.org,org,520,62,29137,44678
519,328,pcmag.com,com,29226,60568,pcmag.com,com,518,328,29158,60361
520,329,variety.com,com,29149,66338,variety.com,com,519,329,29138,65855
521,330,aljazeera.com,com,29134,62930,aljazeera.com,com,521,330,29136,62608
522,24,sec.gov,gov,29111,59491,sec.gov,gov,522,24,29121,59201
523,331,gotowebinar.com,com,29079,46400,gotowebinar.com,com,526,332,28880,46045
524,1,govt.nz,nz,29015,58165,govt.nz,nz,523,1,29003,57782
525,332,rollingstone.com,com,28978,65546,rollingstone.com,com,525,331,28925,65146
526,3,amazon.co.jp,jp,28963,75743,amazon.co.jp,jp,524,3,28932,75346
527,63,nejm.org,org,28904,55853,nejm.org,org,527,63,28848,55582
528,333,office365.com,com,28788,47265,office365.com,com,534,336,28588,46879
529,15,thesun.co.uk,uk,28772,63191,thesun.co.uk,uk,529,15,28773,62776
530,334,zhihu.com,com,28756,49640,zhihu.com,com,528,333,28796,49603
531,13,earthlink.net,net,28679,45821,earthlink.net,net,533,13,28597,45784
532,335,appspot.com,com,28662,52459,appspot.com,com,530,334,28655,52214
533,336,politico.com,com,28651,62367,politico.com,com,531,335,28648,62057
534,337,airbnb.com,com,28623,61096,airbnb.com,com,535,337,28557,60630
535,338,vmware.com,com,28592,48837,vmware.com,com,536,338,28535,48712
536,6,miitbeian.gov.cn,cn,28587,71637,miitbeian.gov.cn,cn,532,6,28608,71677
537,2,g.co,co,28583,59012,g.co,co,539,2,28508,58795
538,1,google.it,it,28507,63214,google.it,it,540,1,28420,63099
539,339,pwc.com,com,28494,53046,pwc.com,com,538,340,28521,52742
540,340,gallup.com,com,28480,58139,gallup.com,com,537,339,28533,57821
541,26,usc.edu,edu,28456,54783,usc.edu,edu,544,26,28379,54536
542,64,openssl.org,org,28443,41044,openssl.org,org,542,64,28393,41020
543,6,on.ca,ca,28434,57178,on.ca,ca,543,6,28386,57031
544,341,timesofindia.indiatimes.com,com,28397,63352,timesofindia.indiatimes.com,com,541,341,28403,63048
545,342,mediafire.com,com,28300,60904,mediafire.com,com,545,342,28306,60706
546,16,service.gov.uk,uk,28259,63967,service.gov.uk,uk,546,16,28304,63608
547,65,freebsd.org,org,28257,41878,freebsd.org,org,547,65,28249,41837
548,343,fc2.com,com,28218,72605,fc2.com,com,549,344,28180,72527
549,66,iana.org,org,28196,42676,iana.org,org,550,66,28177,42607
550,27,duke.edu,edu,28151,53581,duke.edu,edu,551,27,28103,53361
551,1,lnkd.in,in,28104,47445,lnkd.in,in,552,1,27968,47138
552,344,mixcloud.com,com,27983,56084,mixcloud.com,com,553,345,27933,55929
553,4,bund.de,de,27959,85791,bund.de,de,556,4,27815,84911
554,345,history.com,com,27939,61186,history.com,com,548,343,28206,61410
555,346,newscientist.com,com,27857,55781,newscientist.com,com,554,346,27852,55538
556,1,telegra.ph,ph,27838,55256,telegra.ph,ph,555,1,27841,55191
557,347,storage.googleapis.com,com,27745,51437,storage.googleapis.com,com,557,347,27690,51180
558,348,venturebeat.com,com,27708,54643,venturebeat.com,com,558,348,27659,54268
559,28,unc.edu,edu,27660,51538,unc.edu,edu,561,28,27599,51375
560,2,ok.ru,ru,27552,78778,ok.ru,ru,559,2,27604,78890
561,1,in.ua,ua,27545,54438,in.ua,ua,560,1,27599,54405
562,29,ucsd.edu,edu,27512,51543,ucsd.edu,edu,564,30,27439,51292
563,30,msu.edu,edu,27497,52422,msu.edu,edu,565,31,27409,52211
564,31,umd.edu,edu,27496,49819,umd.edu,edu,562,29,27462,49639
565,67,drupal.org,org,27484,45091,drupal.org,org,566,67,27368,44910
566,349,timeanddate.com,com,27418,52474,timeanddate.com,com,568,350,27330,52177
567,25,archives.gov,gov,27362,55457,archives.gov,gov,563,25,27450,55449
568,1,go.th,th,27352,55117,go.th,th,571,1,27267,54981
569,350,siemens.com,com,27342,45256,siemens.com,com,573,351,27170,44951
570,32,ufl.edu,edu,27335,52671,ufl.edu,edu,569,32,27323,52506
571,351,evernote.com,com,27332,54433,evernote.com,com,567,349,27334,54344
572,2,go.kr,kr,27271,55949,go.kr,kr,570,2,27278,55809
573,26,justice.gov,gov,27198,59110,justice.gov,gov,572,26,27198,58768
574,27,privacyshield.gov,gov,27197,74244,privacyshield.gov,gov,577,28,27112,73753
575,352,proofpoint.com,com,27131,49096,proofpoint.com,com,575,352,27138,48743
576,28,energy.gov,gov,27122,57903,energy.gov,gov,576,27,27128,57700
577,2,kiev.ua,ua,27068,51627,kiev.ua,ua,578,2,27045,51577
578,353,atlassian.com,com,27034,47076,atlassian.com,com,583,354,26979,46759
579,68,apachefriends.org,org,27001,42304,apachefriends.org,org,582,69,26991,42314
580,354,rt.com,com,26998,53105,rt.com,com,584,355,26938,52879
581,4,lemonde.fr,fr,26989,54683,lemonde.fr,fr,592,4,26780,53908
582,4,hatena.ne.jp,jp,26983,69374,hatena.ne.jp,jp,579,4,27044,69256
583,69,ahmuseum.org,org,26980,49482,ahmuseum.org,org,581,68,27000,49488
584,355,sky.com,com,26946,57698,sky.com,com,585,356,26917,57363
585,356,udemy.com,com,26932,58051,udemy.com,com,580,353,27019,57779
586,357,automattic.com,com,26918,67645,automattic.com,com,587,357,26885,67576
587,70,slashdot.org,org,26902,46314,slashdot.org,org,589,70,26820,46183
588,7,chinadaily.com.cn,cn,26883,51880,chinadaily.com.cn,cn,586,7,26888,51688
589,71,altervista.org,org,26856,50228,altervista.org,org,593,71,26737,50062
590,29,ny.gov,gov,26799,62627,ny.gov,gov,590,29,26808,62512
591,358,scmp.com,com,26791,55474,scmp.com,com,588,358,26839,55179
592,359,espn.com,com,26789,60679,espn.com,com,594,359,26718,60225
593,3,vkontakte.ru,ru,26779,53986,vkontakte.ru,ru,591,3,26798,53951
594,72,kde.org,org,26739,41734,kde.org,org,597,72,26631,41650
595,5,rakuten.co.jp,jp,26702,68260,rakuten.co.jp,jp,596,5,26678,67931
596,360,lww.com,com,26693,52462,lww.com,com,595,360,26679,52149
597,33,northwestern.edu,edu,26521,52230,northwestern.edu,edu,600,33,26470,51949
598,361,smithsonianmag.com,com,26516,56594,smithsonianmag.com,com,598,361,26571,56407
599,362,thehill.com,com,26458,57425,thehill.com,com,599,362,26525,57231
600,363,theglobeandmail.com,com,26433,55070,theglobeandmail.com,com,602,363,26440,54821
601,73,fedoraproject.org,org,26427,39597,fedoraproject.org,org,601,73,26463,39659
602,74,rfc-editor.org,org,26401,38714,rfc-editor.org,org,604,74,26409,38719
603,364,euronews.com,com,26375,53727,euronews.com,com,603,364,26420,53486
604,7,utoronto.ca,ca,26364,48844,utoronto.ca,ca,605,7,26361,48717
605,75,letsencrypt.org,org,26358,40474,letsencrypt.org,org,608,75,26313,40416
606,365,technologyreview.com,com,26356,50043,technologyreview.com,com,607,366,26342,49698
607,366,bitnami.com,com,26347,36355,bitnami.com,com,606,365,26343,36365
608,367,hollywoodreporter.com,com,26303,59277,hollywoodreporter.com,com,611,369,26251,58886
609,368,dictionary.com,com,26284,55483,dictionary.com,com,609,367,26294,55511
610,34,illinois.edu,edu,26248,49816,illinois.edu,edu,613,35,26192,49776
611,35,ucdavis.edu,edu,26239,51359,ucdavis.edu,edu,612,34,26196,51210
612,369,nikkei.com,com,26200,60090,nikkei.com,com,610,368,26274,59896
613,370,qualtrics.com,com,26193,46542,qualtrics.com,com,615,370,26129,46136
614,76,imf.org,org,26175,49729,imf.org,org,614,76,26142,49375
615,3,vic.gov.au,au,26131,57447,vic.gov.au,au,616,3,26126,57147
616,30,congress.gov,gov,26074,55566,congress.gov,gov,617,30,26067,55314
617,77,phys.org,org,25934,51442,phys.org,org,619,77,25898,51132
618,8,www.gov.cn,cn,25932,66781,www.gov.cn,cn,618,8,25971,66778
619,371,nike.com,com,25920,52573,nike.com,com,620,371,25875,52184
620,372,jquery.com,com,25880,41019,jquery.com,com,621,372,25843,41045
621,7,about.me,me,25840,50570,about.me,me,628,7,25688,50274
622,17,blogspot.co.uk,uk,25802,53312,blogspot.co.uk,uk,623,18,25746,53023
623,373,playstation.com,com,25752,54307,playstation.com,com,626,375,25732,54078
624,374,jimdofree.com,com,25749,56881,jimdofree.com,com,631,378,25584,56449
625,375,today.com,com,25741,57491,today.com,com,622,373,25752,57184
626,78,opensource.org,org,25735,41056,opensource.org,org,629,78,25660,40950
627,376,snapchat.com,com,25727,55439,snapchat.com,com,625,374,25736,55221
628,18,express.co.uk,uk,25724,55462,express.co.uk,uk,624,19,25738,55222
629,377,i1.wp.com,com,25715,57463,i1.wp.com,com,627,376,25705,57408
630,378,amazon-adsystem.com,com,25650,74465,amazon-adsystem.com,com,630,377,25657,74415
631,379,mozilla.com,com,25636,42430,mozilla.com,com,632,379,25526,42153
632,380,moz.com,com,25494,51729,moz.com,com,635,380,25482,51676
633,381,webex.com,com,25455,39974,webex.com,com,637,382,25415,39923
634,1,web.dev,dev,25431,49545,web.dev,dev,633,1,25497,49642
635,382,weather.com,com,25424,49273,weather.com,com,640,383,25355,49041
636,1,blog.google,google,25418,51556,blog.google,google,656,1,24984,50598
637,383,thoughtco.com,com,25413,53874,thoughtco.com,com,636,381,25471,53881
638,36,asu.edu,edu,25406,49556,asu.edu,edu,638,36,25399,49407
639,384,techradar.com,com,25381,52073,techradar.com,com,641,384,25350,51861
640,6,sakura.ne.jp,jp,25376,59658,sakura.ne.jp,jp,639,6,25360,59605
641,385,bigcartel.com,com,25376,50561,bigcartel.com,com,644,386,25270,50216
642,79,dmoz.org,org,25372,38200,dmoz.org,org,642,80,25286,38112
643,386,ning.com,com,25369,46159,ning.com,com,643,385,25285,46063
644,80,perl.org,org,25309,36789,perl.org,org,634,79,25484,37091
645,37,arizona.edu,edu,25308,48602,arizona.edu,edu,645,37,25260,48451
646,14,fbcdn.net,net,25302,46440,fbcdn.net,net,648,14,25227,46232
647,31,fcc.gov,gov,25273,49949,fcc.gov,gov,646,31,25257,49834
648,387,nydailynews.com,com,25258,53787,nydailynews.com,com,650,389,25204,53441
649,388,parallels.com,com,25247,49767,parallels.com,com,649,388,25215,49815
650,389,angelfire.com,com,25247,45862,angelfire.com,com,651,390,25180,45764
651,390,chron.com,com,25219,54404,chron.com,com,647,387,25229,54173
652,19,aol.co.uk,uk,25207,39204,aol.co.uk,uk,574,17,27151,42277
653,8,ubc.ca,ca,25181,47469,ubc.ca,ca,652,8,25137,47308
654,32,dot.gov,gov,25143,50193,dot.gov,gov,654,32,25085,50011
655,20,ucl.ac.uk,uk,25131,45234,ucl.ac.uk,uk,655,20,25064,45008
656,81,cancer.org,org,25115,53230,cancer.org,org,653,81,25088,52929
657,391,mystrikingly.com,com,25044,48800,mystrikingly.com,com,657,391,24976,48758
658,2,imageshack.us,us,25041,44410,imageshack.us,us,659,2,24940,44212
659,82,faqs.org,org,25034,37188,faqs.org,org,658,82,24965,37123
660,392,nymag.com,com,24932,54446,nymag.com,com,663,395,24871,54046
661,393,tmall.com,com,24925,50391,tmall.com,com,660,392,24934,50356
662,394,ign.com,com,24911,53537,ign.com,com,662,394,24904,53321
663,395,libsyn.com,com,24895,51928,libsyn.com,com,664,396,24816,51669
664,396,woocommerce.com,com,24884,53570,woocommerce.com,com,674,400,24567,52747
665,38,colorado.edu,edu,24854,46627,colorado.edu,edu,665,38,24802,46427
666,397,force.com,com,24851,44412,force.com,com,668,397,24765,44096
667,2,gob.es,es,24836,53554,gob.es,es,667,2,24782,53006
668,398,generatepress.com,com,24797,73716,generatepress.com,com,661,393,24904,73799
669,21,metro.co.uk,uk,24786,53467,metro.co.uk,uk,666,21,24795,53104
670,399,lifehacker.com,com,24742,50335,lifehacker.com,com,669,398,24732,50081
671,33,medlineplus.gov,gov,24736,55583,medlineplus.gov,gov,683,34,24305,54540
672,83,gutenberg.org,org,24722,44821,gutenberg.org,org,671,84,24661,44589
673,39,virginia.edu,edu,24619,45126,virginia.edu,edu,673,39,24594,45085
674,84,clevelandclinic.org,org,24612,59991,clevelandclinic.org,org,670,83,24666,59769
675,400,cell.com,com,24605,47875,cell.com,com,672,399,24599,47543
676,401,podbean.com,com,24550,49118,podbean.com,com,678,403,24457,48796
677,9,bc.ca,ca,24486,48195,bc.ca,ca,679,9,24453,48085
678,85,joomla.org,org,24484,43468,joomla.org,org,677,85,24472,43454
679,402,accenture.com,com,24479,43695,accenture.com,com,675,401,24490,43457
680,40,brookings.edu,edu,24432,49898,brookings.edu,edu,680,40,24424,49638
681,403,instructables.com,com,24432,48582,instructables.com,com,681,404,24382,48323
682,404,fiverr.com,com,24406,55123,fiverr.com,com,676,402,24478,55073
683,34,uspto.gov,gov,24372,43992,uspto.gov,gov,682,33,24351,43830
684,41,rutgers.edu,edu,24363,45144,rutgers.edu,edu,684,41,24262,44948
685,405,verisign.com,com,24307,35788,verisign.com,com,686,406,24225,35686
686,406,git-scm.com,com,24301,37755,git-scm.com,com,685,405,24261,37708
687,407,ey.com,com,24254,42522,ey.com,com,687,407,24217,42164
688,86,orcid.org,org,24225,39838,orcid.org,org,689,86,24147,39751
689,42,bu.edu,edu,24217,47667,bu.edu,edu,688,42,24171,47436
690,408,prezi.com,com,24159,41724,prezi.com,com,692,409,24077,41565
691,35,fbi.gov,gov,24145,48537,fbi.gov,gov,690,35,24135,48293
692,409,lenovo.com,com,24118,46837,lenovo.com,com,691,408,24092,46732
693,3,coe.int,int,24111,43331,coe.int,int,698,3,23985,43034
694,410,schneier.com,com,24101,36927,schneier.com,com,693,410,24039,36836
695,411,microfocus.com,com,24093,36643,microfocus.com,com,699,411,23984,36498
696,4,mail.ru,ru,24066,55907,mail.ru,ru,694,4,24038,55832
697,87,heart.org,org,24039,49083,heart.org,org,695,87,24019,48830
698,88,ilo.org,org,24038,42210,ilo.org,org,696,88,23992,41930
699,43,osu.edu,edu,24036,47642,osu.edu,edu,697,43,23990,47461
700,412,theregister.com,com,23972,43129,theregister.com,com,703,413,23877,42905
701,89,cpan.org,org,23968,34693,cpan.org,org,701,89,23932,34637
702,36,treasury.gov,gov,23894,48449,treasury.gov,gov,700,36,23955,48152
703,413,outlookindia.com,com,23886,53130,outlookindia.com,com,702,412,23898,53019
704,4,news.com.au,au,23853,48171,news.com.au,au,706,4,23828,47871
705,414,digitaltrends.com,com,23847,48511,digitaltrends.com,com,704,414,23849,48304
706,415,tencent.com,com,23803,38147,tencent.com,com,705,415,23834,38160
707,416,thedailybeast.com,com,23796,51364,thedailybeast.com,com,707,416,23764,51102
708,417,boston.com,com,23756,47360,boston.com,com,709,418,23687,47147
709,418,people.com,com,23730,55632,people.com,com,708,417,23756,55299
710,419,us.com,com,23702,45108,us.com,com,710,419,23623,45026
711,37,dhs.gov,gov,23630,45757,dhs.gov,gov,711,37,23586,45550
712,3,flic.kr,kr,23585,42048,flic.kr,kr,717,3,23455,41866
713,420,cbslocal.com,com,23582,49443,cbslocal.com,com,712,420,23574,49124
714,421,zend.com,com,23575,36496,zend.com,com,713,421,23545,36464
715,90,undp.org,org,23553,41750,undp.org,org,715,91,23511,41562
716,91,khanacademy.org,org,23533,46708,khanacademy.org,org,714,90,23536,46511
717,422,fool.com,com,23488,51258,fool.com,com,716,422,23505,51101
718,7,ameblo.jp,jp,23481,63610,ameblo.jp,jp,718,7,23443,63468
719,423,sap.com,com,23422,40932,sap.com,com,731,426,23248,40645
720,38,wa.gov,gov,23413,49619,wa.gov,gov,719,38,23434,49518
721,424,novell.com,com,23408,34299,novell.com,com,721,424,23384,34285
722,425,uber.com,com,23404,47528,uber.com,com,720,423,23389,47186
723,92,iop.org,org,23384,42585,iop.org,org,722,92,23360,42332
724,93,imagemagick.org,org,23380,34945,imagemagick.org,org,726,94,23324,34897
725,94,thenai.org,org,23366,50915,thenai.org,org,724,93,23347,50633
726,426,target.com,com,23357,53849,target.com,com,723,425,23357,53694
727,1,curl.se,se,23351,34469,curl.se,se,725,1,23347,34447
728,427,duckduckgo.com,com,23345,42389,duckduckgo.com,com,732,427,23247,42269
729,2,haxx.se,se,23324,34260,haxx.se,se,728,2,23265,34243
730,428,java.com,com,23270,36097,java.com,com,741,432,23146,35914
731,39,cancer.gov,gov,23268,47923,cancer.gov,gov,730,40,23254,47710
732,40,dol.gov,gov,23250,47853,dol.gov,gov,727,39,23270,47670
733,95,bitbucket.org,org,23250,37345,bitbucket.org,org,739,96,23160,37263
734,2,ethz.ch,ch,23238,40715,ethz.ch,ch,738,2,23183,40522
735,429,cygwin.com,com,23228,33842,cygwin.com,com,737,431,23185,33799
736,41,va.gov,gov,23227,48241,va.gov,gov,735,41,23212,48112
737,96,semanticscholar.org,org,23226,43638,semanticscholar.org,org,729,95,23256,43482
738,1,army.mil,mil,23215,45280,army.mil,mil,740,1,23151,45065
739,430,thebalancemoney.com,com,23176,50603,thebalancemoney.com,com,733,428,23235,50552
740,8,paypal.me,me,23144,46780,paypal.me,me,743,8,23082,46648
741,431,globo.com,com,23099,52251,globo.com,com,745,434,23069,52011
742,432,zoho.com,com,23098,44463,zoho.com,com,744,433,23074,44323
743,1,gv.at,at,23073,50993,gv.at,at,753,1,22990,50549
744,44,tamu.edu,edu,23065,44661,tamu.edu,edu,747,44,23048,44503
745,1,uol.com.br,br,23056,50922,uol.com.br,br,748,1,23037,50578
746,5,google.com.au,au,23053,50289,google.com.au,au,749,5,23023,50160
747,1,gob.ar,ar,23044,45699,gob.ar,ar,746,1,23048,45677
748,433,digital.com,com,23040,34403,digital.com,com,751,436,23000,34358
749,434,hootsuite.com,com,23037,46995,hootsuite.com,com,734,429,23221,47143
750,42,usa.gov,gov,23029,47385,usa.gov,gov,742,42,23091,47391
751,97,greenpeace.org,org,23020,41540,greenpeace.org,org,754,97,22984,41356
752,435,nasdaq.com,com,23008,46950,nasdaq.com,com,752,437,22995,46659
753,436,woo.com,com,22967,48945,woo.com,com,736,430,23202,49325
754,437,insider.com,com,22964,52978,insider.com,com,750,435,23013,52744
755,438,gmail.com,com,22959,40795,gmail.com,com,758,439,22862,40639
756,2,google.co.in,in,22946,51295,google.co.in,in,755,2,22964,51323
757,439,thefreedictionary.com,com,22932,45196,thefreedictionary.com,com,757,438,22892,45166
758,6,nsw.gov.au,au,22929,48217,nsw.gov.au,au,756,6,22918,47990
759,5,amazon.fr,fr,22864,46253,amazon.fr,fr,768,5,22703,45661
760,1,is.gd,gd,22845,42413,is.gd,gd,759,1,22852,42294
761,440,steamcommunity.com,com,22829,46080,steamcommunity.com,com,763,441,22801,45993
762,3,ipcc.ch,ch,22828,41301,ipcc.ch,ch,765,3,22740,40895
763,3,youronlinechoices.eu,eu,22826,49171,youronlinechoices.eu,eu,762,3,22828,48831
764,43,usembassy.gov,gov,22821,44333,usembassy.gov,gov,761,43,22832,44116
765,441,cctv.com,com,22810,53570,cctv.com,com,760,440,22842,53603
766,10,amazon.ca,ca,22791,49521,amazon.ca,ca,766,10,22739,49437
767,442,wufoo.com,com,22785,43010,wufoo.com,com,764,442,22756,42797
768,443,caniuse.com,com,22760,34886,caniuse.com,com,767,443,22714,34873
769,3,ow.ly,ly,22733,39706,ow.ly,ly,777,3,22585,39420
770,444,garmin.com,com,22725,41822,garmin.com,com,771,445,22647,41531
771,445,over-blog.com,com,22684,42636,over-blog.com,com,784,455,22462,42183
772,446,asus.com,com,22666,41853,asus.com,com,779,451,22560,41613
773,447,urbandictionary.com,com,22652,45648,urbandictionary.com,com,778,450,22574,45354
774,448,1688.com,com,22645,48146,1688.com,com,769,444,22683,48245
775,98,ohchr.org,org,22638,42992,ohchr.org,org,770,98,22647,42881
776,449,foursquare.com,com,22630,44122,foursquare.com,com,780,452,22550,43990
777,450,twimg.com,com,22623,43342,twimg.com,com,782,454,22498,43000
778,451,vogue.com,com,22601,48469,vogue.com,com,774,448,22604,48195
779,9,google.cn,cn,22588,38647,google.cn,cn,775,9,22597,38684
780,452,wpastra.com,com,22585,60107,wpastra.com,com,772,446,22633,60256
781,453,att.com,com,22577,42480,att.com,com,781,453,22540,42245
782,454,visualstudio.com,com,22564,39686,visualstudio.com,com,773,447,22612,39722
783,22,eventbrite.co.uk,uk,22559,47065,eventbrite.co.uk,uk,783,22,22473,46868
784,455,salon.com,com,22531,45465,salon.com,com,785,456,22432,45252
785,5,ccc.de,de,22434,35249,ccc.de,de,787,5,22386,35135
786,6,lefigaro.fr,fr,22425,44604,lefigaro.fr,fr,794,6,22251,43900
787,99,telegram.org,org,22423,45231,telegram.org,org,786,99,22404,45120
788,100,nobelprize.org,org,22421,39846,nobelprize.org,org,788,100,22375,39600
789,10,miibeian.gov.cn,cn,22356,43999,miibeian.gov.cn,cn,789,10,22358,44028
790,456,crunchbase.com,com,22314,47672,crunchbase.com,com,790,457,22349,47667
791,15,rs6.net,net,22308,43175,rs6.net,net,793,15,22272,43093
792,1,1drv.ms,ms,22308,37600,1drv.ms,ms,798,1,22177,37456
793,457,mlb.com,com,22299,46687,mlb.com,com,792,459,22292,46496
794,458,medscape.com,com,22264,42249,medscape.com,com,799,461,22169,42106
795,459,autodesk.com,com,22254,38209,autodesk.com,com,791,458,22300,38256
796,1,google.nl,nl,22247,53380,google.nl,nl,800,1,22161,53195
797,101,eurekalert.org,org,22245,43113,eurekalert.org,org,795,101,22209,42839
798,460,france24.com,com,22243,44110,france24.com,com,796,460,22188,43659
799,45,wustl.edu,edu,22199,41042,wustl.edu,edu,797,45,22186,40906
800,461,urldefense.com,com,22132,41422,urldefense.com,com,801,462,22134,40984
801,462,lonelyplanet.com,com,22108,42673,lonelyplanet.com,com,803,464,22056,42385
802,5,spb.ru,ru,22104,42370,spb.ru,ru,804,5,22056,42349
803,463,v.youku.com,com,22096,41388,v.youku.com,com,807,466,22023,41341
804,464,themegrill.com,com,22073,52738,themegrill.com,com,802,463,22102,52771
805,23,ebay.co.uk,uk,22068,42835,ebay.co.uk,uk,805,23,22051,42641
806,465,ovhcloud.com,com,22053,40631,ovhcloud.com,com,776,449,22596,42316
807,466,fifa.com,com,22045,43490,fifa.com,com,808,467,22007,43124
808,467,nba.com,com,22044,44066,nba.com,com,806,465,22025,43826
809,468,ea.com,com,22040,44098,ea.com,com,809,468,21943,43791
810,469,amd.com,com,21983,37965,amd.com,com,811,470,21900,37913
811,470,nokia.com,com,21943,36568,nokia.com,com,820,476,21809,36333
812,24,ed.ac.uk,uk,21942,38444,ed.ac.uk,uk,815,24,21865,38298
813,471,lego.com,com,21936,40873,lego.com,com,812,471,21881,40549
814,472,hyatt.com,com,21927,40196,hyatt.com,com,810,469,21906,39990
815,2,navy.mil,mil,21925,39966,navy.mil,mil,813,2,21879,39782
816,473,prweb.com,com,21863,40915,prweb.com,com,818,474,21815,40728
817,474,istockphoto.com,com,21854,44950,istockphoto.com,com,823,477,21785,44757
818,102,consumerreports.org,org,21849,48305,consumerreports.org,org,814,102,21878,48165
819,103,aarp.org,org,21845,46736,aarp.org,org,822,103,21796,46543
820,46,utah.edu,edu,21826,41117,utah.edu,edu,824,46,21770,40971
821,475,esquire.com,com,21824,45240,esquire.com,com,816,472,21859,45168
822,476,mapquest.com,com,21815,42863,mapquest.com,com,829,479,21703,42749
823,477,voanews.com,com,21811,43628,voanews.com,com,817,473,21820,43343
824,478,symantec.com,com,21808,34316,symantec.com,com,826,478,21735,34132
825,104,icann.org,org,21807,35824,icann.org,org,827,104,21732,35677
826,479,accor.com,com,21790,37018,accor.com,com,833,481,21601,36549
827,480,semrush.com,com,21783,47240,semrush.com,com,819,475,21811,47169
828,47,ncsu.edu,edu,21782,40655,ncsu.edu,edu,825,47,21753,40557
829,6,arnebrachhold.de,de,21762,49604,arnebrachhold.de,de,821,6,21801,49722
830,48,indiana.edu,edu,21723,37145,indiana.edu,edu,830,48,21661,37075
831,11,pinterest.ca,ca,21714,50099,pinterest.ca,ca,831,11,21644,50138
832,105,nodejs.org,org,21712,35199,nodejs.org,org,828,105,21722,35105
833,481,gamespot.com,com,21698,43530,gamespot.com,com,832,480,21628,43447
834,482,fliphtml5.com,com,21671,36845,fliphtml5.com,com,837,485,21559,36701
835,483,vanityfair.com,com,21615,46963,vanityfair.com,com,835,483,21569,46685
836,484,calameo.com,com,21606,38664,calameo.com,com,852,490,21391,38071
837,3,ibb.co,co,21599,40697,ibb.co,co,847,3,21457,40422
838,485,xbox.com,com,21592,43757,xbox.com,com,836,484,21563,43538
839,44,nyc.gov,gov,21589,45302,nyc.gov,gov,839,44,21543,45037
840,106,hrw.org,org,21554,42974,hrw.org,org,842,106,21489,42722
841,486,500px.com,com,21540,43016,500px.com,com,843,487,21481,42882
842,6,google.ru,ru,21537,45736,google.ru,ru,838,6,21552,45674
843,487,pcworld.com,com,21535,39487,pcworld.com,com,846,488,21461,39358
844,488,axios.com,com,21527,46525,axios.com,com,834,482,21575,46405
845,49,ucsb.edu,edu,21517,40386,ucsb.edu,edu,840,49,21499,40239
846,489,ihg.com,com,21503,37523,ihg.com,com,849,489,21448,37244
847,2,last.fm,fm,21498,39766,last.fm,fm,851,2,21411,39668
848,107,openldap.org,org,21493,30044,openldap.org,org,844,107,21479,30046
849,45,texas.gov,gov,21491,47348,texas.gov,gov,845,45,21473,47214
850,490,pastebin.com,com,21477,39537,pastebin.com,com,841,486,21496,39517
851,2,square.site,site,21469,45846,square.site,site,850,2,21415,45602
852,108,hopkinsmedicine.org,org,21432,47550,hopkinsmedicine.org,org,848,108,21448,47327
853,491,kaspersky.com,com,21374,39088,kaspersky.com,com,854,492,21376,38951
854,492,ndtv.com,com,21354,46777,ndtv.com,com,853,491,21390,46555
855,493,houzz.com,com,21352,45072,houzz.com,com,857,494,21306,45047
856,494,securityfocus.com,com,21345,30967,securityfocus.com,com,856,493,21309,30950
857,50,pitt.edu,edu,21344,38838,pitt.edu,edu,855,50,21312,38694
858,495,livestream.com,com,21343,37810,livestream.com,com,861,497,21234,37543
859,51,georgetown.edu,edu,21296,39258,georgetown.edu,edu,858,51,21256,39152
860,496,discovery.com,com,21291,39344,discovery.com,com,864,499,21195,39144
861,497,yolasite.com,com,21285,38113,yolasite.com,com,866,501,21175,38049
862,2,ustream.tv,tv,21284,38372,ustream.tv,tv,863,2,21197,38161
863,7,mpg.de,de,21278,36047,mpg.de,de,868,7,21164,35850
864,498,iheart.com,com,21263,45462,iheart.com,com,860,496,21245,45279
865,499,computerworld.com,com,21257,38108,computerworld.com,com,859,495,21246,38001
866,9,wp.me,me,21220,45658,wp.me,me,869,9,21158,45667
867,16,speedtest.net,net,21184,36142,speedtest.net,net,867,16,21164,36091
868,500,bostonglobe.com,com,21173,43742,bostonglobe.com,com,872,504,21065,43491
869,501,thestar.com,com,21172,44426,thestar.com,com,865,500,21177,44266
870,502,americanexpress.com,com,21158,42402,americanexpress.com,com,871,503,21131,42233
871,3,icio.us,us,21156,37523,icio.us,us,873,3,21061,37448
872,503,com.com,com,21127,35919,com.com,com,876,506,21033,35776
873,504,verywellmind.com,com,21121,46661,verywellmind.com,com,862,498,21223,46653
874,1,netlify.app,app,21102,39353,netlify.app,app,874,1,21057,39160
875,505,thenextweb.com,com,21095,38871,thenextweb.com,com,875,505,21048,38717
876,506,kpmg.com,com,21076,36717,kpmg.com,com,870,502,21155,36543
877,507,tesla.com,com,21051,41863,tesla.com,com,879,508,20980,41552
878,508,iubenda.com,com,21026,46508,iubenda.com,com,878,507,20982,46467
879,509,digitalocean.com,com,21016,36421,digitalocean.com,com,881,509,20965,36342
880,109,craigslist.org,org,21013,41698,craigslist.org,org,880,109,20974,41573
881,52,tufts.edu,edu,20973,38217,tufts.edu,edu,883,52,20898,38065
882,510,billboard.com,com,20958,45867,billboard.com,com,886,512,20867,45554
883,4,del.icio.us,us,20951,37091,del.icio.us,us,887,4,20857,37023
884,10,heylink.me,me,20941,51271,heylink.me,me,877,10,21025,51390
885,511,usps.com,com,20898,41835,usps.com,com,884,511,20885,41775
886,53,caltech.edu,edu,20881,37407,caltech.edu,edu,889,53,20830,37295
887,46,sba.gov,gov,20880,43313,sba.gov,gov,888,46,20837,43163
888,110,man7.org,org,20876,31301,man7.org,org,885,110,20879,31299
889,47,cia.gov,gov,20867,36813,cia.gov,gov,894,47,20787,36620
890,4,wipo.int,int,20862,34362,wipo.int,int,892,4,20796,34218
891,512,herokuapp.com,com,20853,37280,herokuapp.com,com,893,514,20792,37148
892,54,unl.edu,edu,20852,38836,unl.edu,edu,895,55,20779,38723
893,513,businessweek.com,com,20833,36461,businessweek.com,com,897,515,20756,36276
894,55,hawaii.edu,edu,20828,37447,hawaii.edu,edu,891,54,20802,37265
895,111,lua.org,org,20814,30696,lua.org,org,896,111,20760,30648
896,112,wireshark.org,org,20807,31427,wireshark.org,org,899,112,20746,31361
897,514,verizon.com,com,20781,40998,verizon.com,com,905,518,20666,40655
898,515,cosmopolitan.com,com,20778,45055,cosmopolitan.com,com,890,513,20807,44774
899,5,esa.int,int,20762,36500,esa.int,int,902,5,20696,36251
900,516,sony.com,com,20754,37959,sony.com,com,910,522,20613,37755
901,517,trendmicro.com,com,20737,35920,trendmicro.com,com,918,528,20522,35403
902,518,wunderground.com,com,20730,37061,wunderground.com,com,907,520,20640,36922
903,113,isc.org,org,20727,29670,isc.org,org,901,113,20697,29663
904,7,narod.ru,ru,20719,37292,narod.ru,ru,903,7,20695,37236
905,519,glassdoor.com,com,20708,44042,glassdoor.com,com,898,516,20754,43911
906,520,perl.com,com,20678,29643,perl.com,com,906,519,20650,29627
907,25,standard.co.uk,uk,20656,44373,standard.co.uk,uk,900,25,20707,44169
908,521,smugmug.com,com,20655,38333,smugmug.com,com,915,525,20570,38176
909,522,mi.com,com,20647,35067,mi.com,com,904,517,20677,35030
910,26,huffingtonpost.co.uk,uk,20631,41711,huffingtonpost.co.uk,uk,913,26,20599,41488
911,523,npmjs.com,com,20624,35372,npmjs.com,com,909,521,20629,35289
912,524,zillow.com,com,20619,43859,zillow.com,com,912,523,20605,43785
913,8,nhk.or.jp,jp,20600,49690,nhk.or.jp,jp,908,8,20629,49482
914,17,csdn.net,net,20568,30023,csdn.net,net,911,17,20609,30041
915,525,upwork.com,com,20560,44263,upwork.com,com,914,524,20570,44137
916,526,lh3.googleusercontent.com,com,20529,38907,lh3.googleusercontent.com,com,921,530,20477,38843
917,2,or.id,id,20520,39939,or.id,id,919,2,20502,39880
918,527,colorlib.com,com,20518,40149,colorlib.com,com,916,526,20540,40227
919,528,bell-labs.com,com,20512,29403,bell-labs.com,com,920,529,20480,29341
920,529,tableau.com,com,20489,37813,tableau.com,com,917,527,20533,37691
921,530,irishtimes.com,com,20444,40696,irishtimes.com,com,922,531,20426,40412
922,531,odoo.com,com,20437,30322,odoo.com,com,930,535,20309,30129
923,532,feedly.com,com,20430,47911,feedly.com,com,923,532,20408,47750
924,533,deezer.com,com,20417,39924,deezer.com,com,931,536,20285,39444
925,534,phpbb.com,com,20417,35045,phpbb.com,com,927,534,20357,34970
926,114,oxfordjournals.org,org,20389,32996,oxfordjournals.org,org,929,115,20338,32787
927,535,douban.com,com,20380,39624,douban.com,com,924,533,20401,39706
928,48,weather.gov,gov,20374,42457,weather.gov,gov,988,51,19575,40709
929,115,unep.org,org,20373,36200,unep.org,org,928,114,20356,35901
930,12,globalnews.ca,ca,20361,42967,globalnews.ca,ca,926,12,20373,42846
931,3,webflow.io,io,20346,37247,webflow.io,io,932,3,20265,37046
932,116,gimp.org,org,20334,34844,gimp.org,org,935,116,20222,34722
933,2,lin.ee,ee,20309,63765,lin.ee,ee,925,2,20395,63670
934,536,ups.com,com,20307,35387,ups.com,com,934,537,20237,35232
935,2,yp.to,to,20280,29412,yp.to,to,933,2,20264,29377
936,49,osha.gov,gov,20278,40253,osha.gov,gov,938,48,20196,40071
937,537,panasonic.com,com,20242,35956,panasonic.com,com,939,539,20193,35798
938,538,prestashop.com,com,20228,39002,prestashop.com,com,937,538,20202,38848
939,1,envato.market,market,20212,44818,envato.market,market,936,1,20213,44773
940,539,yumpu.com,com,20206,37322,yumpu.com,com,951,546,20040,37103
941,117,zh.wikipedia.org,org,20185,34040,zh.wikipedia.org,org,941,117,20176,33982
942,540,snopes.com,com,20183,38596,snopes.com,com,946,543,20104,38347
943,8,welt.de,de,20179,44515,welt.de,de,949,8,20067,44059
944,1,vatican.va,va,20173,37783,vatican.va,va,945,1,20134,37580
945,3,nic.in,in,20153,48639,nic.in,in,944,3,20151,48517
946,118,ourworldindata.org,org,20142,38491,ourworldindata.org,org,947,118,20093,38203
947,541,fedex.com,com,20140,35745,fedex.com,com,943,542,20152,35784
948,542,goodhousekeeping.com,com,20137,44965,goodhousekeeping.com,com,940,540,20188,44863
949,27,theregister.co.uk,uk,20124,33871,theregister.co.uk,uk,952,27,20032,33711
950,543,disney.com,com,20121,38139,disney.com,com,954,547,20004,37927
951,544,ycombinator.com,com,20117,37312,ycombinator.com,com,948,544,20080,37115
952,545,thomsonreuters.com,com,20103,36804,thomsonreuters.com,com,950,545,20050,36653
953,546,hindustantimes.com,com,20101,44779,hindustantimes.com,com,942,541,20174,44702
954,56,vt.edu,edu,20059,36478,vt.edu,edu,953,56,20028,36368
955,119,amnesty.org,org,20057,38788,amnesty.org,org,956,120,19989,38504
956,7,asso.fr,fr,20051,35990,asso.fr,fr,972,7,19800,35302
957,120,metmuseum.org,org,20043,37274,metmuseum.org,org,955,119,19996,37075
958,547,seattletimes.com,com,19992,42310,seattletimes.com,com,964,552,19929,42075
959,548,deadline.com,com,19980,45446,deadline.com,com,957,548,19983,45223
960,2,safety.google,google,19977,53045,safety.google,google,959,2,19959,52764
961,549,jpost.com,com,19970,40370,jpost.com,com,958,549,19977,40185
962,1,page.link,link,19962,37620,page.link,link,962,1,19950,37453
963,1,translate.goog,goog,19958,37722,translate.goog,goog,960,1,19953,37370
964,121,redcross.org,org,19940,40421,redcross.org,org,966,122,19917,40234
965,550,space.com,com,19916,39857,space.com,com,961,550,19951,39634
966,122,ampproject.org,org,19909,36975,ampproject.org,org,965,121,19921,36828
967,50,clinicaltrials.gov,gov,19895,36009,clinicaltrials.gov,gov,967,49,19893,35820
968,551,mercurynews.com,com,19873,40793,mercurynews.com,com,971,555,19810,40610
969,552,accuweather.com,com,19856,37152,accuweather.com,com,970,554,19827,36939
970,553,lg.com,com,19824,37660,lg.com,com,973,556,19796,37537
971,554,adweek.com,com,19815,38038,adweek.com,com,974,557,19789,37925
972,555,timeout.com,com,19800,40658,timeout.com,com,975,558,19772,40402
973,2,wa.link,link,19797,50035,wa.link,link,968,2,19838,50037
974,556,binance.com,com,19793,44847,binance.com,com,969,553,19833,44845
975,557,findlaw.com,com,19786,41915,findlaw.com,com,980,563,19697,41695
976,558,githubusercontent.com,com,19752,31490,githubusercontent.com,com,977,560,19738,31432
977,559,indianexpress.com,com,19746,42658,indianexpress.com,com,976,559,19761,42426
978,560,elle.com,com,19737,41408,elle.com,com,978,561,19737,41111
979,561,foodnetwork.com,com,19697,43926,foodnetwork.com,com,979,562,19734,43787
980,562,bestbuy.com,com,19692,42629,bestbuy.com,com,981,564,19630,42567
981,57,umass.edu,edu,19672,36331,umass.edu,edu,983,57,19616,36213
982,6,unfccc.int,int,19670,34661,unfccc.int,int,984,6,19608,34270
983,563,xkcd.com,com,19649,33932,xkcd.com,com,986,566,19589,33818
984,564,olympics.com,com,19637,36876,olympics.com,com,963,551,19938,37241
985,565,imageshack.com,com,19637,33423,imageshack.com,com,992,568,19542,33192
986,123,wikisource.org,org,19633,33985,wikisource.org,org,993,123,19534,33810
987,51,fema.gov,gov,19623,39885,fema.gov,gov,985,50,19595,39686
988,566,toutiao.com,com,19614,42972,toutiao.com,com,982,565,19618,43073
989,2,google.com.br,br,19601,45377,google.com.br,br,987,2,19580,45400
990,58,brown.edu,edu,19582,34885,brown.edu,edu,996,58,19493,34772
991,567,wetransfer.com,com,19580,33973,wetransfer.com,com,994,569,19517,33710
992,568,gettyimages.com,com,19579,39177,gettyimages.com,com,990,567,19550,39042
993,13,ctvnews.ca,ca,19564,40486,ctvnews.ca,ca,991,13,19542,40262
994,11,news.cn,cn,19551,44323,news.cn,cn,989,11,19556,44204
995,569,broadcom.com,com,19551,30966,broadcom.com,com,882,510,20936,33203
996,9,heise.de,de,19534,43285,heise.de,de,1006,9,19386,42929
997,14,sfu.ca,ca,19531,32016,sfu.ca,ca,998,15,19452,31902
998,570,alexa.com,com,19507,33588,alexa.com,com,999,570,19432,33441
999,15,mcgill.ca,ca,19502,36925,mcgill.ca,ca,997,14,19470,36751
1000,2,repubblica.it,it,19492,37547,repubblica.it,it,995,2,19498,37268
